NOAA Active region number,DATE when AR passes central meridan,TIME when AR passes central meridian (UTC),CME 24 HRS,CME Flare Count ,CME erruption date ,CME erruption time,Related CME events to this NOAA AR ,Evidence e.g physical characteristics of the CME ,Notes ,Erruption duration ,
11283,2011-09-06,18:00:37,yes,#N/A,9/6/11,22:33:31,no,,,,
11364,2011-12-06,20:47:41,yes,#N/A,12/11/11,22:47:05,no,,,,
11312,2011-10-10,19:33:32,yes,#N/A,10/11/11,3:40:00,no,,,,
11309,2011-10-10,19:33:32,no,#N/A,no,no,no,,,,
11313,2011-10-10,19:33:32,no,#N/A,no,no,no,,,,
11316,2011-10-16,19:42:31,no,#N/A,no,no,no,,"noAA 11316, S12 W09 (X= 147,Y=-293). Beta region.",Erruption time length ,
11317,2011-10-16,19:42:31,no,#N/A,no,no,no,,,,
11319,2011-10-16,19:42:31,no,#N/A,no,no,no,no,,,
11321,2011-10-18,19:30:31,no,#N/A,no,no,no,,,,
11327,2011-10-21,17:05:06,no,#N/A,no,no,no,no,,,
11332,2011-10-30,20:50:44,no,#N/A,no,no,no,no,,,
11339,2011-11-11,20:39:28,yes,#N/A,12/11/11,4:24:00,no,,,,
11345,2011-11-11,21:39:28,yes,#N/A,11/11/11,17:20:00,no,,end of CME 18:00,,
11340,2011-11-09,20:34:28,no,#N/A,no,no,no,,,,
11347,2011-11-16,20:45:27,no,#N/A,no,no,no,,,,
11354,2011-11-20,20:51:27,yes,#N/A,20/11/11,22:41:20,no,,23:21:20,,
11349,2011-11-16,20:45:27,no,#N/A,no,no,no,,,,
11350,2011-11-20,20:51:27,yes,#N/A,20/11/11,23:05:00,no,,,,
11352,2011-11-20,20:51:27,no,#N/A,no,no,no,,,,
11374,2011-12-14,20:58:55,yes,#N/A,14/12/11,22:54:19,no,,date: 14/12/11,over 5 hours ,
11375,2011-12-14,21:58:55,no,#N/A,no,no,no,,,,
11390,2011-12-30,17:52:18,yes,#N/A,30/12/11,19:24:07,no,,date: 30/12/11,over 5 hours,
11386,2011-12-30,17:52:18,yes,#N/A,30/12/11,20:53:00,no,,date: 30/12/11,over 8 hours ends at 04.00 next day 31st Dec ,
11290,2011-09-12,20:31:21,no,#N/A,no,no,no,,,,
11289,2011-09-12,20:31:21,no,#N/A,no,no,no,,,,
11290,2011-09-12,21:31:21,no,#N/A,no,no,no,,,,
11294,2011-09-14,19:47:51,no,#N/A,no,no,no,,,,
11292,2011-09-14,20:47:51,yes,#N/A,15/09/14,14:39:00,no,,date: 15/09/11,,
11307,2011-10-05,19:56:48,no,#N/A,no,no,no,,,,
11388,2012-01-01,17:52:18,yes,#N/A,1/1/12,0:00:00,no,,date 02/01/12,end of erruption 23:59:59,
11389,2012-01-01,16:52:18,yes,#N/A,1/1/12,22:07:00,no,,date 91/01/12,,
11390,2012-01-01,17:52:18,no,#N/A,no,no,no,,,,
11392,2012-01-05,17:43:06,yes,#N/A,5/1/12,11:51:00,no,,5/1/12,,
11395,2012-01-13,17:32:18,no,#N/A,no,no,no,,,,
11400,2012-01-15,17:35:06,no,#N/A,no,no,no,,,,
11397,2012-01-15,17:35:06,no,#N/A,no,no,no,,,,
11396,2012-01-15,18:35:06,no,#N/A,no,no,no,,,,
11403,2012-01-18,11:42:18,yes,#N/A,18/1/12,19:00:00,no,,18/01/12,end of erruption 23:59 ,
11399,2012-01-18,11:42:18,yes,#N/A,18/1/12,3:34:00,no,,19/01/12,,
11409,2012-01-26,17:52:18,yes,#N/A,no,no,no,,,,
11408,2012-01-26,17:52:18,yes,#N/A,26/01/12,15:09:00,no,,,,
11411,2012-01-30,11:35:06,no,#N/A,no,no,no,,,,
11416,2012-02-12,11:51:30,yes,#N/A,12/2/12,17:48:00,no,,12/2/12,,
11417,2012-02-15,17:26:18,yes,#N/A,15/02/12,7:00:00,no,,16/2/12,,
11418,2012-02-15,17:26:18,yes,#N/A,15/02/12,7:24:00,no,,16/2/12,,
11420,2012-02-19,11:33:06,yes,#N/A,19/02/12,18:00:00,no,,19/2/12,,
11421,2012-02-23,17:38:18,no,#N/A,no,no,no,,,,
11422,2012-02-19,17:32:18,yes,#N/A,19/02/12,21:24:00,no,,,,
11433,2012-03-16,11:06:18,no,#N/A,no,,no,,,,
11432,2012-03-16,11:06:18,no,#N/A,no,no,no,,,,
11437,2012-03-19,16:40:18,no,#N/A,no,no,no,,,,
11436,2012-03-19,16:40:18,yes,#N/A,19/02/12,16:54:00,no,,,,
11438,2012-03-26,16:58:18,yes,#N/A,26/02/12,23:54:00,no,,,,
11445,2012-03-30,16:54:18,yes,#N/A,30/02/12,1:23:00,no,,31/3/12,,
11450,2012-04-04,16:47:06,yes,#N/A,30/03/12,9:36:00,no,,5/4/12,,
11455,2012-04-13,10:51:30,yes,#N/A,13/04/12,8:24:00,no,,14/4/12,,
11456,2012-04-13,10:51:30,yes,#N/A,13/04/12,16:36:00,no,,13/4/12,,
11454,2012-04-16,16:21:06,no,#N/A,no, no,no,,,,
11457,2012-04-17,16:21:06,no,#N/A,no, no,no,,,,
11459,2012-04-20,16:18:18,yes,#N/A,20/04/12,19:00:00,no,,20/04/12,,
11458,2012-04-20,16:18:18,no,#N/A,no,no,no,,,,
11461,2012-04-22,16:43:06,yes,#N/A,22/04/12,18:39:00,no,,22/4/12,,
11465,2012-04-22,16:43:06,no,#N/A,no,no,no,,,,
11467,2012-04-30,16:39:06,yes,#N/A,30/04/12,15:09:00,no,,30/04/12,,
11469,2012-04-30,16:39:06,yes,#N/A,30/04/12,15:39:00,no,,30/04/12,,
11484,2012-05-18,10:39:06,yes,#N/A,18/04/12,15:53:00,no,,18/05/12,,
11485,2012-05-18,10:17:06,yes,#N/A,18/04/12,2:00:08,no,,19/05/12,,
11489,2012-05-29,10:45:06,yes,#N/A,29/05/12,4:53:00,no,,30/5/12,,
11490,2012-05-30,10:45:06,yes,#N/A,29/05/12,16:08:00,no,,29/05/12,,
11486,2012-05-21,10:19:06,yes,#N/A,21/05/12,15:23:00,no,,21/05/12,,
11492,2012-05-30,10:45:06,yes,#N/A,30/05/12,2:39:00,no,,31/05/12,,
11495,2012-06-01,17:06:18,no,#N/A,no,no,no,,,,
11497,2012-06-02,10:36:18,yes,#N/A,2/6/12,23:53:00,no,,2/6/12,,
11507,2012-06-13,15:29:56,yes,#N/A,13/106/12,15:34:00,no,,13/6/12,,
11506,2012-06-15,17:32:56,no,#N/A,no,no,no,,,,
11510,2012-06-20,12:39:41,no,#N/A,no,no,no,,,,
11511,2012-06-23,20:22:26,yes,#N/A,23/06/12,18:42:00,no,,23/6/12,,
11512,2012-06-28,20:20:11,yes,#N/A,28/06/12,4:45:00,no,,28/6/12,,
11518,2012-07-09,19:59:56,no,#N/A,no, no,no,,,,
11523,2012-07-15,21:02:56,yes,#N/A,9/7/12,16:48:00,no,,21/07/12,,
11526,2012-07-26,21:38:11,yes,#N/A,15/07/12,6:25:00,no,,27/07/12,,
11534,2012-08-01,21:06:40,no,#N/A,1/8/12,20:16:00,no,,4/8/12, coronal hole  see url ,https://sdowww.lmsal.com/sdomedia/ssw/ssw_client/data/ssw_service_120805_192921_95836/www/ssw_cutout_193_context_full.gif
11535,2012-08-04,19:05:55,no,#N/A,no,no,no,,,,
11537,2012-08-06,14:29:10,no,#N/A,no,no,no,,,,
11543,2012-08-12,21:35:55,yes,#N/A,12/8/12,5:12:00,no,,13/8/12,produces another cme at 12:36 on 13/8/12,
11542,2012-08-12,21:35:55,yes,#N/A,12/8/12,9:48:00,no,,13/8/12,,
11546,2012-08-21,16:04:17,yes,#N/A,21/08/12,15:24:00,no,,21/8/12,,
11547,2012-08-21,16:04:17,no,#N/A,no,no,no,,,,
11551,2012-08-22,4:48:17,no,#N/A,no,no,no,,,,
11547,2012-08-18,4:48:17,yes,#N/A,18/08/12,17:39:00,no,,18/8/12,,
11562,2012-09-03,20:46:33,no,#N/A,no,no,no,,,,
11565,2012-09-05,16:09:07,no,#N/A,no,no,no,,,,
11571,2012-09-17,20:54:19,no,#N/A,no,no,no,,,,
11573,2012-09-21,8:50:55,yes,#N/A,17/09/12,18:18:00,no,,,,
11575,2012-09-24,20:54:42,yes,#N/A,24/09/12,17:12:12,no,,,,
11576,2012-09-24,20:54:42,no,#N/A,no,no,no,,,,
11578,2012-09-25,20:56:18,no,#N/A,no,no,no,,,,
11579,2012-09-30,16:41:22,no,#N/A,no,no,no,,,,
11580,2012-09-30,20:54:23,yes,#N/A,30/09/12,15:06:00,no,,,,
11582,2012-09-30,20:45:25,yes,#N/A,30/09/12,13:42:00,no,,,,
11584,2012-10-01,20:56:36,yes,#N/A,1/10/12,21:48:00,no,,,,
11885,2012-10-08,20:45:04,yes,#N/A,8/10/12,3:36:00,no,,,,
11586,2012-10-13,20:48:23,no,#N/A,no,no,no,,,,
11589,2012-10-15,16:55:36,yes,#N/A,15/10/12,16:33:00,no,,,,
11590,2012-10-15,16:55:36,no,#N/A,no,no,no,,,,
11591,2012-10-17,20:51:56,no,#N/A,no,no,no,,,,
11594,2012-10-19,20:56:43,no,#N/A,no,no,no,,,,
11618,2012-10-21,21:59:40,no,0,no,no,no,,,,
11620,2012-11-25,21:54:31,no,#N/A,no,no,no,,,,
11635,2012-12-24,21:57:44,no,#N/A,no,no,no,,,,
11640,2012-12-31,21:49:52,no,#N/A,no,no,no,,,,
11638,2013-01-01,22:00:07,no,#N/A,no,no,no,,,,
11640,2013-01-01,22:00:07,no,#N/A,no,no,no,,,,
11639,2013-01-01,22:00:07,no,#N/A,no,no,no,,,,
11638,2013-01-02,21:48:59,no,#N/A,no,no,no,,,,
11641,2013-01-04,21:57:11,no,#N/A,no,no,no,,,,
11645,2013-01-04,21:57:11,no,#N/A,no,no,no,,,,
11642,2013-01-06,21:55:46,no,#N/A,no,no,no,,,,
11648,2013-01-08,21:55:06,no,#N/A,no,no,no,,,,
11653,2013-01-10,20:48:59,no,#N/A,no,no,no,,,,
11654,2013-01-14,21:48:10,no,#N/A,no,no,no,,,,
11657,2013-01-14,21:42:34,yes,#N/A,14/01/13,9:48:07,no,,,,
11656,2013-01-14,21:58:21,no,#N/A,no,no,no,,,,
11658,2013-01-18,21:50:10,yes,#N/A,18/01/13,2:18:18,no,,,,
11660,2013-01-20,21:53:25,no,#N/A,no,no,no,,,,
11659,2013-01-21,21:48:36,no,#N/A,no,no,no,,,,
11662,2013-01-29,21:53:33,no,#N/A,no,no,no,,,,
11560,2012-09-02,20:49:27,no,#N/A,no,no,no,,,,
11663,2013-01-30,21:57:53,no,#N/A,no,no,no,,,,
11665,2013-02-03,21:49:02,no,#N/A,no,no,no,,,,
11666,2013-02-03,21:49:02,no,#N/A,no,no,no,,,,
11667,2013-02-06,21:52:10,no,#N/A,no,no,no,,,,
11669,2013-02-09,21:52:13,no,#N/A,no,no,no,,,,
11671,2013-02-13,19:38:54,yes,#N/A,13/02/13,20:24:00,no,,,,
11672,2013-02-13,19:38:54, no,#N/A,no,no,no,,,,
11675,2013-02-18,19:39:18,no,#N/A,no,no,no,,,,
11673,2013-02-20,22:00:41,no,#N/A,no,no,no,,,,
11682,2013-02-27,19:36:34,no,#N/A,no,no,no,,,,
11680,2013-02-27,19:36:34,yes,#N/A,27/02/13,5:48:05,no,,,,
11681,2013-02-28,21:10:51,yes,#N/A,4/3/13,2:36:07,no,,,,
11683,2013-03-04,21:58:55,no,#N/A,no,no,no,,,,
11776,2013-06-19,19:04:25,no,#N/A,no,no,no,,,,
11773,2013-06-19,21:01:49,no,,no,no,no,,,,
11775,2013-06-19,21:01:49,yes,#N/A,19/06/13,12:48:05,no,,,,
11777,2013-06-25,20:58:29,yes,0,25/06/13,9:12:08,no,,,,
11779,2013-06-28,19:03:40,yes,#N/A,28/06/13,2:24:06,no,,,,
11778,2013-06-28,19:03:40,yes,#N/A,28/06/13,12:48:05,no,,,,
11780,2013-06-28,19:03:40,no,#N/A,no,no,no,,,,
11782,2013-06-29,8:59:56,yes,,29/06/13,3:48:05,and again at 06:36:05 and 08:24:05 and 11:48,,,,
11778,2013-06-29,8:59:56,yes,,29/06/13,2:12:05,,,,,
11781,2013-06-29,8:59:56,yes,#N/A,29/06/13,4:36:05,,,,,
11779,2013-06-30,18:56:55,yes,#N/A,30/06/13,11:48:05,,,,,
11782,2013-07-01,14:57:40,yes,#N/A,1/7/13,2:12:05,,,,,
11783,2013-07-03,18:59:10,no,,no,no,,,,,
11784,2013-07-03,18:59:10,no,#N/A,no,no,,,,,
11786,2013-07-03,18:59:10,no,#N/A,no,no,,,,,
11823,2013-08-20,4:43:25,yes,#N/A,21/8/13,21:43:18,,,,,
11822,2013-08-20,4:43:25,yes,#N/A,20/8/13,18:28:06,,,,,
11820,2013-08-20,4:43:25,yes,#N/A,20/8/13,17:48:06,,,,,
11826,2013-08-20,4:43:25,yes,#N/A,20/8/13,17:48:06,,,,,
11825,2013-08-20,4:43:25,yes,#N/A,20/8/13,3:22:42,,,,,
11827,2013-08-24,20:59:48,no,#N/A,no,no,,,,,
11834,2013-08-30,22:38:23,yes,#N/A,31/8/13,0:48:18,,,,,
11835,2013-08-30,22:38:23,yes,#N/A,30/8/13,18:48:42,,,,,
11836,2013-08-30,22:38:23,yes,#N/A,30/8/13,22:03:42,,,,,
11838,2013-09-10,23:28:16,yes,,11/9/13,9:36:05,,,,,
11839,2013-09-11,23:28:12,yes,#N/A,11/9/13,16:48:05,,,,,
11841,2013-09-16,23:28:59,no,#N/A,no,no,,,,,
11843,2013-09-18,23:29:48,no,#N/A,no,no,,,,,
11849,2013-09-21,23:30:31,yes,#N/A,22/9/13,6:48:30,,,,,
11846,2013-09-22,23:30:56,yes,#N/A,23/9/13,11:03:06,,,,,
11850,2013-09-25,23:30:35,yes,#N/A,26/9/13,8:36:30,,,,,
11851,2013-09-27,23:28:19,no,#N/A,no,no,,,,,
11855,2013-10-01,23:28:14,yes,#N/A,1/10/13,19:48:05,,,,,
11854,2013-10-03,23:29:22,no,#N/A,no,no,,,,,
11859,2013-10-05,23:29:43,yes,#N/A,5/10/13,18:29:13,,,,,
11856,2013-10-08,23:28:07,yes,#N/A,9/10/13,5:24:05,,,,,
11857,2013-10-08,23:28:07,no,#N/A,no,no,,,,,
11860,2013-10-08,23:31:19,yes,#N/A,9/10/13,5:36:05,,,,,
11856,2013-10-10,23:31:19,yes,,10/10/13,17:46:07,,,,,
11861,2013-10-10,23:31:19,yes,,10/10/13,20:17:05,,,,,
11863,2013-10-10,23:31:19,yes,#N/A,10/10/13,17:30:03,,,,,
11867,2013-10-11,23:31:38,yes,#N/A,11/10/13,18:18:06,,,,,
11861,2013-10-12,23:29:49,yes,#N/A,11/10/13,17:03:20,,,,,
11868,2013-10-17,23:31:00,no,#N/A,no,no,,,,,
11874,2013-10-19,23:30:22,no,#N/A,no,no,,,,,
11872,2013-10-20,23:27:46,no,#N/A,no,no,,,,,
11873,2013-10-19,23:30:22,yes,#N/A,19/10/13,22:03:42,,,,,
11875,2013-10-23,23:27:46,yes,5,23/10/13,13:33:18,cmes on other days and times 22/10/13 cme time of 03:33:30,,,,
11879,2013-10-23,23:27:46,yes,,22/10/13,12:33:30,,,,,
11877,2013-10-23,23:27:46,yes,0,22/10/13,12:33:30,,,,,
11881,2013-10-28,13:30:37,yes,#N/A,29/10/13,0:00:18,,,,,
11882,2013-10-28,13:30:37,no,2,no,no,,,,,
11886,2013-10-30,22:01:46,yes,#N/A,30/10/13,21:33:30,cmes on other days and times 31/10/13 cme time of 10:48:18,,,,
11883,2013-11-01,21:59:33,yes,#N/A,2/11/13,7:18:42,,,,,
11887,2013-11-03,21:20:40,yes,#N/A,3/11/13,18:00:05,,,,,
11889,2013-11-03,21:20:40,yes,#N/A,4/11/13,1:18:42,,,,,
11890,2013-11-09,22:07:54,yes,2,10/11/13,5:48:06,,,,,
11892,2013-11-11,21:59:13,no,#N/A,no,no,,,,,
11898,2013-11-13,22:01:59,yes,,13/11/13,23:48:07,,,,,
11893,2013-11-13,22:01:59,yes,0,14/11/13,7:24:05,,,,,
11896,2013-11-16,21:57:35,yes,,16/11/13,19:00:05,,,,,
11897,2013-11-16,21:57:35,yes,#N/A,17/11/13,3:48:05,,,,,
11902,2013-11-16,21:57:35,yes,#N/A,17/11/13,12:48:05,,,,,
11896,2013-11-17,4:34:43,yes,#N/A,17/11/13,6:24:05,,,,,
11899,2013-11-18,22:02:23,yes,#N/A,19/11/13,3:36:07,,,,,
11903,2013-11-23,22:00:05,no,#N/A,no,no,,,,,
11905,2013-11-28,22:07:32,yes,#N/A,29/11/13,0:36:05,,,,,
11908,2013-12-01,20:27:40,yes,#N/A,1/12/13,21:12:10,,,,,
11911,2013-12-02,20:28:36,no,#N/A,no,no,,,,,
11909,2013-12-02,20:33:46,yes,#N/A,2/12/13,2:00:05,,,,,
11916,2013-12-07,5:34:39,no,#N/A,no,no,,,,,
11912,2013-12-07,5:34:39,yes,#N/A,7/12/13,7:24:06,,,,,
11923,2013-12-12,20:35:06,no,#N/A,no,no,,,,,
11917,2013-12-13,20:25:06,yes,#N/A,13/12/13,17:48:05,,,,,
11918,2013-12-14,20:34:45,yes,#N/A,15/12/13,16:33:42,,,,,
11921,2013-12-15,20:29:23,yes,#N/A,15/12/13,16:33:42,,,,,
11928,2013-12-18,20:32:37,yes,#N/A,19/12/13,22:33:30,,,,,
11930,2013-12-20,20:31:19,no,#N/A,no,no,,,,,
11932,2013-12-20,20:31:19,yes,#N/A,21/12/13,11:34:07,,,,,
11929,2013-12-22,16:52:25,no,#N/A,no,no,,,,,
11931,2013-12-23,20:31:22,yes,#N/A,24/12/13,2:18:18,,,,,
11934,2013-12-23,20:31:22,yes,#N/A,24/12/13,4:18:18,,,,,
11935,2013-12-26,20:28:44,yes,#N/A,26/12/13,21:17:42,,,,,
11936,2013-12-27,20:22:12,yes,3,27/12/13,3:32:30,,,,,
11937,2013-12-30,20:28:01,yes,#N/A,30/12/13,23:36:18,,,,,
11938,2014-01-02,20:28:40,yes,#N/A,2/1/14,7:56:18,,,,,
11945,2014-01-04,20:28:06,no,#N/A,4/1/14,9:24:05,,,,,
11942,2014-01-04,20:28:06,no,#N/A,no,no,,,,,
11943,2014-01-04,20:28:06,yes,1,4/1/14,21:16:33,,,,,
11944,2014-01-06,20:29:08,yes,6,7/1/14,3:46:18,,,,,
11946,2014-01-07,20:35:20,yes,0,7/1/14,11:21:20,,,,,
11950,2014-01-11,20:28:25,yes,,11/1/14,12:46:42,,,,,
11948,2014-01-11,20:28:25,no,#N/A,no,no,,,,,
11951,2014-01-11,20:28:25,no,#N/A,no,no,,,,,
11953,2014-01-13,20:31:47,yes,#N/A,13/1/14,17:31:18,,,,,
11949,2014-01-13,20:31:47,yes,#N/A,13/1/14,18:01:18,,,,,
11954,2014-01-15,20:29:03,yes,1,15/1/14,15:16:18,,,,,
11952,2014-01-15,20:29:03,yes,#N/A,15/1/14,17:16:06,,,,,
11956,2014-01-20,20:31:19,yes,#N/A,20/1/14,16:46:30,,,,,
11957,2014-01-21,20:31:37,yes,#N/A,20/1/14,22:31:18,,,,,
11955,2014-01-21,20:31:37,yes,#N/A,20/1/14,10:01:06,,,,,
11962,2014-01-21,20:31:37,yes,#N/A,21/1/14,12:01:18,,,,,
11958,2014-01-23,20:29:35,no,#N/A,no,no,,,,,
11960,2014-01-24,20:32:07,no,#N/A,no,no,,,,,
11959,2014-01-24,20:32:07,no,#N/A,no,no,,,,,
11964,2014-01-25,20:28:36,yes,#N/A,25/1/14,3:31:18,,,,,
11965,2014-01-26,20:31:30,yes,#N/A,26/1/14,3:16:06,,,,,
11968,2014-02-02,17:57:25,yes,4,2/2/14,9:46:32,,,,,
11967,2014-02-02,17:57:25,yes,23,2/2/14,12:01:30,,,,,
11970,2014-02-06,18:11:21,no,#N/A,no,no,,,,,
11972,2014-02-06,18:11:21,yes,#N/A,6/2/14,15:00:54,,,,,
11971,2014-02-08,20:30:36,no,#N/A,no,no,,,,,
11973,2014-02-10,20:29:38,yes,#N/A,10/2/14,10:46:18,,,,,
11974,2014-02-10,20:29:38,yes,13,10/2/14,21:46:30,,,,,
11976,2014-02-14,20:30:50,yes,0,14/2/14,9:46:30,,,,,
11977,2014-02-16,20:28:34,yes,#N/A,16/2/14,23:31:06,,,,,
11986,2014-02-24,20:29:20,no,#N/A,no,no,,,,,
11988,2014-02-24,20:29:20,no,#N/A,no,no,,,,,
19987,2014-02-27,20:31:09,no,#N/A,no,no,,,,,
11992,2014-02-27,20:31:09,yes,#N/A,27/2/14,11:12:05,,,,,
11989,2014-02-27,20:31:09,no,#N/A,no, no,,,,,
11993,2014-03-02,18:30:44,yes,#N/A,2/3/14,9:48:06,,,,,
11910,2013-11-29,20:39:09,yes,#N/A,29/11/13,19:07:04,,,,,
11993,2014-03-02,18:30:44,yes,#N/A,2/3/14,10:24:05,,,,,
11991,2014-03-02,18:30:44,yes,1,2/3/14,16:48:05,,,,,
11996,2014-03-06,20:29:25,no,4,no,no,,,,,
11999,2014-03-06,20:29:25,yes,#N/A,6/3/14,14:01:06,,,,,
12000,2014-03-10,20:30:48,no,#N/A,no,no,,,,,
12003,2014-03-11,20:32:02,yes,#N/A,11/3/14,21:46:09,,,,,
11998,2014-03-11,20:32:02,yes,#N/A,11/3/14,22:31:30,,,,,
12002,2014-03-13,20:22:43,no,4,no,no,,,,,
12004,2014-03-15,20:28:09,yes,#N/A,15/3/14,11:31:30,,,,,
12009,2014-03-17,20:27:41,no,#N/A,no,no,,,,,
12005,2014-03-17,20:27:41,yes,#N/A,17/3/14,17:01:18,,,,,
12007,2014-03-19,19:23:13,no,#N/A,no,no,,,,,
12008,2014-03-21,20:31:53,yes,#N/A,21/3/14,16:31:18,,,,,
12013,2014-03-24,20:31:01,yes,#N/A,24/3/14,13:13:18,,,,,
12014,2014-03-25,20:31:01,yes,0,25/3/14,5:31:18,,,,,
12020,2014-03-30,23:32:04,no,#N/A,no,no,,,,,
12024,2014-03-30,23:30:04,no,#N/A,no,no,,,,,
12021,2014-04-01,21:36:18,no,#N/A,no,no,,,,,
12022,2014-04-02,23:22:15,no,#N/A,no,no,,,,,
12026,2014-04-05,23:31:00,no,#N/A,no,no,,,,,
12029,2014-04-05,23:31:00,yes,#N/A,5/4/14,12:01:18,,,,,
12027,2014-04-06,23:29:05,yes,0,7/4/14,3:16:18,,,,,
12030,2014-04-07,23:28:01,no,#N/A,no,no,,,,,
12034,2014-04-15,23:21:08,no,#N/A,no,no,,,,,
12036,2014-04-15,23:21:08,no,0,no,no,,,,,
12039,2014-04-16,23:30:55,no,#N/A,no,no,,,,,
12040,2014-04-17,22:29:30,no,#N/A,no,no,,,,,
12035,2014-04-18,23:31:40,yes,1,18/4/14,14:31:30,,,,,
12038,2014-04-20,23:28:55,no,#N/A,no,no,,,,,
12042,2014-04-21,23:31:28,yes,#N/A,21/4/14,19:31:18,,,,,
12044,2014-04-22,23:19:17,yes,#N/A,22/4/14,18:01:30,,,,,
12045,2014-04-24,23:33:32,yes,#N/A,24/4/14,12:01:18,,,,,
12047,2014-04-29,23:28:28,yes,#N/A,29/4/14,20:13:02,,,,,
12050,2014-05-02,23:30:02,yes,#N/A,2/5/24,11:15:54,,,,,
12049,2014-05-02,23:30:02,no,#N/A,no,no,,,,,
12052,2014-05-05,23:31:36,no,#N/A,no,no,,,,,
12053,2014-05-06,23:29:01,yes,#N/A,6/5/14,13:31:06,,,,,
12054,2014-05-10,23:31:15,no,#N/A,no,no,,,,,
12055,2014-05-10,23:31:15,no,#N/A,no,no,,,,,
12057,2014-05-12,23:32:30,no,#N/A,no,no,,,,,
12064,2014-05-16,23:18:50,yes,#N/A,17/5/14,2:24:05,,,,,
12061,2014-05-16,23:19:15,no,#N/A,no,no,,,,,
12063,2014-05-16,23:19:15,yes,#N/A,16/5/14,20:48:05,,,,,
12068,2014-05-21,0:11:02,no,#N/A,no,no,,,,,
12069,2014-05-22,23:28:07,no,#N/A,no,no,,,,,
12071,2014-05-25,23:32:42,yes,#N/A,25/5/14,12:15:54,,,,,
12073,2014-05-25,23:32:42,yes,#N/A,25/5/14,0:31:06,,,,,
12075,2014-05-28,23:34:38,yes,#N/A,28/5/14,0:01:18,,,,,
12078,2014-06-02,23:32:43,no,#N/A,no,no,,,,,
12077,2014-06-04,23:29:01,no,0,no,no,,,,,
12082,2014-06-08,23:29:53,no,#N/A,no,no,,,,,
12086,2014-06-11,23:28:07,no,#N/A,no,no,,,,,
12089,2014-06-13,23:33:47,no,0,no,no,,,,,
12091,2014-06-13,23:33:47,no,#N/A,no,no,,,,,
12090,2014-06-16,23:31:44,no,#N/A,no,no,,,,,
12098,2014-06-26,0:07:12,no,#N/A,no,no,,,,,
12099,2014-06-29,0:14:37,no,#N/A,no,no,,,,,
12100,2014-06-30,23:41:12,yes,#N/A,1/7/14,4:16:42,,,,,
12105,2014-06-30,23:41:12,no,#N/A,no,no,,,,,
12102,2014-07-03,23:50:18,no,#N/A,no,no,,,,,
12106,2014-07-04,23:40:51,no,0,5/7/14,0:46:18,,,,,
12109,2014-07-07,23:49:13,no,#N/A,no,no,,,,,
12111,2014-07-09,23:48:38,yes,#N/A,9/7/14,21:46:06,,,,,
12119,2014-07-20,23:49:32,yes,#N/A,21/7/14,0:01:18,,,,,
12121,2014-07-26,23:33:29,yes,#N/A,25/7/14,21:16:42,,,,,
12122,2014-07-27,23:07:10,no,#N/A,no,no,,,,,
12132,2014-08-05,20:00:21,no,#N/A,no,no,,,,,
12133,2014-08-06,23:32:10,no,#N/A,no,no,,,,,
12134,2014-08-07,23:32:10,yes,#N/A,7/8/14,10:48:42,,,,,
12135,2014-08-11,23:34:39,yes,#N/A,11/8/14,15:33:30,,,,,
12139,2014-08-17,23:31:33,no,#N/A,no,no,,,,,
12145,2014-08-17,23:31:33,no,#N/A,no,no,,,,,
12143,2014-08-19,23:29:48,no,#N/A,no,no,,,,,
12146,2014-08-22,23:30:34,yes,1,23/8/14,12:48:18,,,,,
12147,2014-08-22,23:30:34,no,#N/A,no,no,,,,,
12148,2014-08-22,23:30:34,no,#N/A,no,no,,,,,
12149,2014-08-27,19:52:24,yes,1,27/8/14,15:03:30,,,,,
12150,2014-08-28,20:00:35,no,#N/A,no,no,,,,,
12153,2014-08-31,20:00:16,yes,#N/A,31/8/14,17:18:06,,,,,
12152,2014-09-02,19:59:24,yes,#N/A,2/9/14,13:48:18,,,,,
12154,2014-09-06,23:29:44,no,#N/A,no,no,,,,,
12162,2014-09-07,20:58:53,yes,#N/A,7/9/14,20:03:42,,,,,
12156,2014-09-09,23:30:52,no,#N/A,no,no,,,,,
12158,2014-09-11,23:29:53,yes,1,11/9/14,11:33:18,,,,,
12163,2014-09-12,23:34:02,no,#N/A,no,no,,,,,
12164,2014-09-14,23:29:22,no,#N/A,no,no,,,,,
12165,2014-09-17,19:59:14,no,#N/A,no,no,,,,,
12168,2014-09-21,23:28:37,no,#N/A,no,no,,,,,
12171,2014-09-24,23:31:06,no,#N/A,no,no,,,,,
12175,2014-09-26,23:29:51,yes,#N/A,26/9/14,23:33:30,,,,,
12176,2014-09-29,23:33:59,no,#N/A,no,no,,,,,
12177,2014-10-01,23:30:41,no,#N/A,no,no,,,,,
12181,2014-10-02,23:29:27,no,#N/A,no,no,,,,,
12178,2014-10-03,23:31:41,no,0,no,no,,,,,
12182,2014-10-05,23:28:16,no,3,no,no,,,,,
12179,2014-10-05,23:28:16,no,#N/A,no,no,,,,,
12183,2014-10-08,23:33:35,no,#N/A,no,no,,,,,
12186,2014-10-12,23:29:58,no,#N/A,no,no,,,,,
12188,2014-10-14,23:28:50,yes,#N/A,14/10/14,20:18:30,,,,,
12189,2014-10-15,23:21:23,yes,#N/A,15/10/14,21:03:30,,,,,
12187,2014-10-18,23:31:53,yes,#N/A,18/10/14,10:03:30,,,,,
12190,2014-10-19,23:31:11,yes,#N/A,19/10/14,22:48:06,,,,,
12193,2014-10-20,23:32:42,yes,#N/A,20/10/14,8:18:18,,,,,
12192,2014-10-23,23:30:31,yes,38,23/10/14,19:33:18,,,,,
12194,2014-10-26,20:32:48,no,#N/A,no,no,,,,,
12195,2014-10-28,20:32:15,no,#N/A,no,no,,,,,
12198,2014-10-29,20:29:45,no,#N/A,no,no,,,,,
12197,2014-10-30,20:29:19,no,#N/A,no,no,,,,,
12202,2014-10-31,20:31:28,no,#N/A,no,no,,,,,
12196,2014-10-31,20:31:28,no,#N/A,no,no,,,,,
12199,2014-11-01,9:59:47,yes,#N/A,1/11/14,17:03:30,,,,,
12203,2014-11-03,20:30:49,yes,#N/A,3/11/14,5:12:05,,,,,
12200,2014-11-03,21:30:49,yes,#N/A,3/11/14,22:36:36,,,,,
12201,2014-11-05,22:33:32,yes,#N/A,5/11/14,8:48:05,,,,,
12204,2014-11-04,22:32:07,no,#N/A,no,no,,,,,
12206,2014-11-07,22:32:07,yes,#N/A,7/11/14,23:12:10,,,,,
12205,2014-11-08,22:32:20,yes,13,8/11/14,12:48:05,,,,,
12208,2014-11-14,22:32:59,yes,#N/A,14/11/14,20:36:05,,,,,
12207,2014-11-15,22:33:15,no,#N/A,no,no,,,,,
12212,2014-11-15,22:33:15,yes,#N/A,15/11/14,6:36:05,,,,,
12213,2014-11-17,22:29:18,no,#N/A,no,no,,,,,
12209,2014-11-18,22:32:44,no,2,no,no,,,,,
12214,2014-11-21,22:29:50,yes,#N/A,21/11/14,14:00:06,,,,,
12215,2014-11-21,22:29:50,no,#N/A,no,no,,,,,
12219,2014-11-25,22:31:01,no,#N/A,no,no,,,,,
12216,2014-11-25,22:31:01,no,#N/A,no,no,,,,,
12220,2014-11-27,22:35:34,no,#N/A,no,no,,,,,
12217,2014-11-27,22:35:34,no,#N/A,no,no,,,,,
12218,2014-11-29,22:34:57,no,#N/A,no,no,,,,,
12224,2014-11-30,22:30:19,yes,#N/A,30/11/14,23:12:10,,,,,
12222,2014-12-01,22:33:37,yes,4,1/12/14,12:48:06,,,,,
12221,2014-12-01,22:33:37,yes,#N/A,1/12/14,12:24:05,,,,,
12225,2014-12-03,22:32:25,yes,#N/A,3/12/14,19:00:05,,,,,
12228,2014-12-05,18:19:08,no,#N/A,no,no,,,,,
12227,2014-12-07,22:32:04,yes,#N/A,7/12/14,1:36:25,,,,,
12229,2014-12-08,22:27:58,no,#N/A,no,no,,,,,
12233,2014-12-10,21:03:14,yes,#N/A,11/12/14,11:24:05,,,,,
12230,2014-12-11,10:51:35,yes,#N/A,12/12/14,14:12:05,,,,,
12234,2014-12-12,17:30:34,yes,#N/A,12/12/14,5:00:06,,,,,
12232,2014-12-14,21:23:44,yes,#N/A,14/12/14,20:24:05,,,,,
12239,2014-12-16,17:33:52,yes,#N/A,16/12/14,19:24:05,,,,,
12238,2014-12-16,17:33:53,no,#N/A,no,no,,,,,
12237,2014-12-16,17:33:53,yes,0,17/12/14,5:24:05,,,,,
12242,2014-12-17,22:28:28,yes,4,17/12/14,20:00:05,,,,,
12236,2014-12-17,22:28:28,yes,#N/A,17/12/14,21:16:08,,,,,
12241,2014-12-19,22:27:24,yes,3,20/12/14,5:12:08,,,,,
12240,2014-12-19,22:27:24,yes,#N/A,19/12/14,19:36:05,,,,,
12243,2014-12-22,22:30:55,no,#N/A,no,no,,,,,
12244,2014-12-23,22:34:07,yes,#N/A,23/12/14,20:48:05,,,,,
12245,2014-12-26,22:29:48,no,#N/A, no,no,,,,,
12246,2014-12-27,22:32:53,yes,#N/A,26/12/14,20:36:05,,,,,
12247,2014-12-28,22:29:51,yes,#N/A,28/12/14,22:36:05,,,,,
12248,2014-12-29,22:35:14,yes,#N/A,29/12/14,10:36:05,,,,,
12251,2014-12-31,22:35:44,yes,#N/A,31/12/14,6:12:06,,,,,
12254,2015-01-01,22:31:12,yes,#N/A,2/1/15,3:12:08,,,,,
12252,2015-01-02,10:31:54,no,#N/A,no,no,,,,,
12253,2015-01-03,15:19:53,no,1,no,no,,,,,
12257,2015-01-07,22:21:00,no,2,no,no,,,,,
12255,2015-01-07,22:21:21,yes,#N/A,8/1/15,3:12:08,,,,,
12260,2015-01-10,22:31:38,yes,#N/A,11/1/15,2:48:05,,,,,
12258,2015-01-11,22:20:12,yes,#N/A,11/1/15,8:48:05,,,,,
12259,2015-01-13,22:31:07,yes,#N/A,14/1/15,0:24:05,,,,,
12261,2015-01-14,22:28:12,yes,#N/A,14/1/15,21:24:05,,,,,
12263,2015-01-19,22:34:03,yes,#N/A,20/1/15,3:12:10,,,,,
12264,2015-01-19,22:34:03,yes,#N/A,19/1/15,21:13:06,,,,,
12266,2015-01-19,22:34:03,yes,#N/A,19/1/15,23:24:05,,,,,
12265,2015-01-19,22:34:03,yes,#N/A,20/1/15,2:48:05,,,,,
12267,2015-01-23,22:31:07,yes,#N/A,24/1/15,4:24:07,,,,,
12269,2015-01-25,22:35:19,yes,#N/A,25/1/15,13:48:07,,,,,
12271,2015-01-26,22:31:12,yes,#N/A,26/1/15,7:24:05,,,,,
12268,2015-01-28,22:29:04,yes,4,28/1/15,9:24:05,,,,,
12276,2015-01-29,22:30:19,no,#N/A,no,no,,,,,
12272,2015-01-30,22:31:02,no,#N/A,no,no,,,,,
12278,2015-01-30,22:31:02,yes,#N/A,30/1/15,13:25:55,,,,,
12277,2015-02-02,22:28:51,yes,2,3/2/15,2:48:05,,,,,
12280,2015-02-06,22:20:34,yes,0,6/2/15,12:24:05,,,,,
12281,2015-02-09,22:21:12,no,#N/A,no,no,,,,,
12282,2015-02-13,22:32:15,yes,0,13/2/15,23:12:06,,,,,
12283,2015-02-13,22:32:15,no,#N/A,no,no,,,,,
12285,2015-02-16,22:32:40,no,#N/A,no,no,,,,,
12284,2015-02-17,22:27:31,yes,#N/A,17/2/15,4:48:05,,,,,
12287,2015-02-20,22:32:30,no,#N/A,no,no,,,,,
12290,2015-02-23,22:31:24,yes,4,24/2/15,1:25:48,,,,,
12289,2015-02-23,22:31:24,yes,#N/A,24/2/15,4:24:05,,,,,
12291,2015-02-23,22:31:24,yes,#N/A,23/2/15,21:38:44,,,,,
12292,2015-02-26,22:34:05,yes,#N/A,26/2/15,15:12:09,,,,,
12293,2015-02-27,22:20:59,yes,#N/A,27/2/15,13:25:53,,,,,
12294,2015-02-28,18:32:10,yes,0,28/2/15,22:00:06,,,,,
12296,2015-03-07,22:28:13,yes,#N/A,8/3/15,0:12:05,,,,,
12297,2015-03-12,22:31:37,yes,21,12/3/15,12:48:05,,,,,
12301,2015-03-14,22:32:47,no,#N/A,no,no,,,,,
12299,2015-03-15,22:28:59,yes,#N/A,15/3/15,9:48:05,,,,,
12303,2015-03-21,15:42:44,yes,#N/A,21/3/15,7:24:06,,,,,
12307,2015-03-23,22:29:16,yes,#N/A,23/5/15,19:00:06,,,,,
12305,2015-03-25,22:30:25,yes,#N/A,25/3/15,13:25:29,,,,,
12310,2015-03-27,22:29:52,no,#N/A,no,no,,,,,
12313,2015-03-28,22:27:34,yes,#N/A,28/3/15,15:48:10,,,,,
12314,2015-03-30,23:31:18,yes,#N/A,31/3/15,0:48:05,,,,,
12316,2015-03-31,23:34:47,no,#N/A,no,no,,,,,
12319,2015-04-05,23:30:06,no,#N/A,no,no,,,,,
12320,2015-04-06,23:25:23,yes,0,6/4/15,18:48:05,,,,,
12318,2015-04-06,23:25:23,yes,#N/A,6/4/15,22:00:06,,,,,
12320,2015-04-07,23:09:33,yes,0,7/4/15,21:27:08,,,,,
12322,2015-04-13,23:30:02,yes,6,13/4/15,8:12:05,,,,,
12321,2015-04-14,22:58:19,yes,2,14/4/15,8:48:05,,,,,
12324,2015-04-17,22:58:19,yes,#N/A,18/4/15,2:48:05,,,,,
12325,2015-04-18,22:58:19,yes,#N/A,18/4/15,11:00:05,,,,,
12327,2015-04-21,22:58:20,yes,#N/A,21/4/15,7:24:05,,,,,
12330,2015-04-21,22:58:20,no,#N/A,no,no,,,,,
12333,2015-04-26,22:58:20,yes,#N/A,6/4/15,15:24:05,,,,,
12334,2015-05-01,22:58:21,yes,#N/A,1/5/15,19:48:05,,,,,
12336,2015-05-04,22:58:21,yes,#N/A,4/5/15,11:28:06,,,,,
12335,2015-05-05,2:58:21,yes,2,5/5/15,10:48:05,,,,,
12338,2015-05-06,14:58:21,yes,#N/A,6/5/15,19:24:05,,,,,
12237,2015-05-07,22:58:22,no,0,no, no,,,,,
12239,2015-05-09,22:58:22,yes,#N/A,9/5/15,10:00:05,,,,,
12340,2015-05-11,22:58:22,no,#N/A,no,no,,,,,
12341,2015-05-11,22:58:22,yes,#N/A,11/5/15,20:24:05,,,,,
12347,2015-05-15,22:46:22,yes,#N/A,16/5/15,0:00:05,,,,,
12348,2015-05-18,22:46:23,yes,#N/A,18/5/15,14:48:05,,,,,
12349,2015-05-20,14:46:23,yes,#N/A,20/5/15,10:48:05,,,,,
12351,2015-05-22,22:58:23,yes,#N/A,22/5/15,8:48:24,,,,,
12352,2015-05-23,22:46:23,yes,#N/A,23/5/15,12:48:05,,,,,
12355,2015-05-26,22:46:24,yes,#N/A,26/5/15,11:48:05,,,,,
12357,2015-05-31,22:46:24,yes,#N/A,31/5/15,15:48:05,,,,,
12356,2015-05-31,22:46:24,yes,#N/A,31/5/15,20:48:05,,,,,
12367,2015-06-15,22:58:25,yes,1,3/7/15,15:30:06,,,,,
12370,2015-06-15,22:58:25,no,#N/A,no,no,,,,,
12369,2015-06-17,14:58:25,no,#N/A,no,no,,,,,
12371,2015-06-22,22:58:25,yes,6,22/5/15,20:28:32,,,,,
12374,2015-06-29,22:46:25,no,#N/A,no,no,,,,,
12375,2015-07-03,22:46:24,no,#N/A,no,no,,,,,
12381,2015-07-07,22:46:24,yes,1,7/7/15,11:28:29,,,,,
12384,2015-07-12,22:58:24,yes,,12/7/15,11:58:29,,,,,
12386,2015-07-17,22:46:24,no,#N/A,no,no,,,,,
12387,2015-07-20,19:10:24,yes,#N/A,20/7/15,11:58:05,,,,,
12390,2015-07-25,22:58:24,yes,#N/A,25/7/15,10:24:05,,,,,
12389,2015-07-28,22:58:24,no,#N/A,no,no,,,,,
12394,2015-08-04,14:22:23,yes,#N/A,4/8/15,15:58:05,,,,,
12395,2015-08-07,22:58:23,yes,#N/A,7/8/15,19:58:17,,,,,
12396,2015-08-07,22:58:23,yes,#N/A,7/8/15,21:12:08,,,,,
12398,2015-08-10,22:58:23,no,#N/A,no,no,,,,,
12399,2015-08-12,17:46:23,yes,#N/A,12/8/15,16:13:41,,,,,
12400,2015-08-13,22:58:23,yes,#N/A,13/8/15,12:43:05,,,,,
12401,2015-08-16,22:58:22,yes,#N/A,16/8/15,3:28:05,,,,,
12404,2015-08-22,22:58:22,yes,#N/A,22/8/15,8:43:05,,,,,
12403,2015-08-22,22:58:22,yes,10,22/8/15,8:13:05,,,,,
12398,2015-08-11,22:58:23,no,#N/A,no,no,,,,,
12406,2015-08-31,22:58:21,yes,#N/A,1/9/15,1:13:05,,,,,
12405,2015-08-31,22:58:21,yes,#N/A,1/9/15,4:13:05,,,,,
12409,2015-09-04,23:10:20,no,#N/A,no,no,,,,,
12410,2015-09-04,23:10:20,yes,#N/A,4/9/15,17:43:41,,,,,
12411,2015-09-08,22:58:20,no,#N/A,no,no,,,,,
12415,2015-09-16,23:10:19,yes,1,16/9/15,15:28:17,,,,,
12419,2015-09-18,23:10:18,yes,#N/A,18/9/15,15:58:17,,,,,
12418,2015-09-18,23:10:18,no,#N/A,no,no,,,,,
12421,2015-09-24,13:58:18,yes,#N/A,24/9/15,15:28:24,,,,,
12420,2015-09-25,22:58:17,no,#N/A,no,no,,,,,
12422,2015-09-25,22:58:17,yes,16,25/9/15,17:43:29,,,,,
12425,2015-09-26,14:22:17,no,#N/A,no,no,,,,,
12426,2015-09-28,23:10:17,no,#N/A,no,no,,,,,
12427,2015-09-30,22:58:17, no,#N/A,no,no,,,,,
12429,2015-10-10,23:10:15,no,#N/A,no,no,,,,,
12430,2015-10-12,14:58:15,no,#N/A,no,no,,,,,
12434,2015-10-18,23:10:14,yes,2,19/10/15,3:12:53,,,,,
12435,2015-10-21,16:58:14,no,#N/A,no,no,,,,,
12436,2015-10-22,23:10:14,no,#N/A,no,no,,,,,
12437,2015-10-23,23:10:13,yes,1,23/10/15,10:58:29,,,,,
12440,2015-10-27,21:10:13,no,0,no,no,,,,,
12439,2015-10-27,21:10:13,yes,#N/A,28/10/15,0:13:05,,,,,
12441,2015-10-30,20:58:12,yes,#N/A,30/10/15,17:57:53,,,,,
12446,2015-11-02,18:10:12,no,#N/A,no,no,,,,,
12444,2015-11-02,18:10:12,no,#N/A,no,no,,,,,
12443,2015-11-03,21:10:12,yes,2,3/11/15,16:13:41,,,,,
12452,2015-11-13,21:10:11,no,#N/A,no,no,,,,,
12453,2015-11-14,21:10:11,no,#N/A,no,no,,,,,
12455,2015-11-16,21:10:11,no,#N/A,no,no,,,,,
12454,2015-11-17,21:10:10,yes,#N/A,17/11/15,19:58:05,,,,,
12457,2015-11-25,1:10:10,no,#N/A,no,no,,,,,
12459,2015-11-29,21:10:09,yes,#N/A,29/11/15,8:24:07,,,,,
12462,2015-12-08,21:10:09,yes,#N/A,8/12/15,0:48:05,,,,,
12465,2015-12-11,21:10:08,yes,#N/A,11/12/15,20:48:29,,,,,
12468,2015-12-14,21:10:08,yes,0,14/12/15,13:25:50,,,,,
12471,2015-12-17,21:10:08,no,#N/A,no,no,,,,,
12469,2015-12-17,21:10:08,yes,#N/A,17/12/15,22:25:05,,,,,
12470,2015-12-18,21:10:08,yes,#N/A,18/12/15,8:24:06,,,,,
12472,2015-12-26,21:10:09,yes,0,26/12/15,20:48:05,,,,,
12473,2015-12-26,21:10:08,yes,5,26/12/15,20:48:05,,,,,
12476,2016-01-05,21:22:08,yes,#N/A,5/1/16,10:24:05,,,,,
12480,2016-01-10,21:22:08,yes,#N/A,10/1/16,17:48:05,,,,,
12483,2016-01-10,21:22:08,yes,#N/A,10/1/16,17:48:05,,,,,
12484,2016-01-13,21:10:08,yes,#N/A,13/1/16,17:00:05,,,,,
12485,2016-01-18,21:10:08,no,#N/A,no,no,,,,,
12488,2016-01-23,21:10:08,no,0,no,no,,,,,
12489,2016-01-29,20:46:08,no,#N/A,no,no,,,,,
12490,2016-01-29,20:46:08,no,#N/A,no,no,,,,,
12491,2016-02-05,20:46:09,yes,#N/A,5/2/16,23:12:10,,,,,
12494,2016-02-05,20:46:09,yes,0,5/12/16,23:12:10,,,,,
12492,2016-02-06,20:46:09,no,#N/A,no,no,,,,,
12496,2016-02-09,20:49:09,no,#N/A,no,no,,,,,
12497,2016-02-10,18:10:09,yes,5,10/2/16,15:12:09,,,,,
12498,2016-02-12,21:10:10,no,#N/A,no,no,,,,,
12499,2016-02-14,21:10:10,no,#N/A,no,no,,,,,
12502,2016-02-17,12:10:10,no,#N/A,no,no,,,,,
12501,2016-02-19,21:10:10,no,#N/A,no,no,,,,,
12506,2016-02-26,20:58:11,yes,#N/A,26/2/16,3:48:05,,,,,
12508,2016-02-29,21:10:11,no,#N/A,no,no,,,,,
12509,2016-03-01,21:10:11,yes,#N/A,1/3/16,20:48:05,,,,,
12512,2016-03-03,21:10:10,no,#N/A,no,no,,,,,
12513,2016-03-07,20:58:12,yes,#N/A,7/3/16,10:36:06,,,,,
12521,2016-03-13,21:10:13,yes,#N/A,13/3/16,12:54:39,,,,,
12520,2016-03-13,21:10:13,yes,#N/A,13/3/16,12:54:39,,,,,
12519,2016-03-14,21:10:13,no,#N/A,no,no,,,,,
12525,2016-03-18,21:10:14,no,#N/A,no,no,,,,,
12524,2016-03-21,21:10:14,yes,#N/A,no,no,,,,,
12526,2016-03-29,22:58:15,yes,#N/A,21/3/16,20:00:05,,,,,
12528,2016-04-04,23:10:16,yes,#N/A,4/4/16,9:24:05,,,,,
12529,2016-04-13,10:58:18,yes,1,13/4/16,19:48:05,,,,,
12531,2016-04-18,22:46:41,no,#N/A,no,no,,,,,
12532,2016-04-21,23:10:41,yes,#N/A,22/4/16,0:00:05,,,,,
12533,2016-04-25,23:10:42,no,#N/A,no,no,,,,,
12534,2016-04-28,23:10:42,no,#N/A,no,no,,,,,
12536,2016-04-30,23:10:42,no,#N/A,no,no,,,,,
12539,2016-05-02,23:10:43,no,#N/A,no,no,,,,,
12540,2016-05-04,23:10:43,no,#N/A,no,no,,,,,
12541,2016-05-07,23:10:43,no,#N/A,no,no,,,,,
12542,2016-05-09,22:10:43,yes,#N/A,9/5/16,19:51:27,,,,,
12543,2016-05-09,22:10:43,yes,#N/A,19/5/16,10:48:05,,,,,
12545,2016-05-11,23:10:44,yes,#N/A,12/5/16,6:36:05,,,,,
12544,2016-05-13,22:34:44,yes,#N/A,14/5/16,0:48:07,,,,,
12546,2016-05-19,19:34:44,no,#N/A,no,no,,,,,
12548,2016-05-25,22:46:45,no,#N/A,no,no,,,,,
12549,2016-05-31,16:22:45,yes,#N/A,31/5/16,14:48:06,,,,,
12553,2016-06-15,22:46:46,yes,#N/A,16/6/16,2:48:06,,,,,
12557,2016-06-19,22:34:47,yes,#N/A,19/6/16,14:24:06,,,,,
12556,2016-06-21,22:46:47,yes,#N/A,21/6/16,18:12:06,,,,,
12560,2016-07-08,22:46:47,no,#N/A,no,no,,,,,
12563,2016-07-13,22:34:47,no,#N/A,no,no,,,,,
12564,2016-07-13,22:34:47,no,0,no,,,,,,
12562,2016-07-13,22:34:47,yes,#N/A,13/7/16,23:24:06,,,,,
12569,2016-07-19,22:46:47,no,#N/A,no,no,,,,,
12570,2016-08-01,22:46:46,no,#N/A,no,no,,,,,
12571,2016-08-05,19:46:46,no,#N/A,no,no,,,,,
12576,2016-08-13,19:46:45,no,#N/A,no,no,,,,,
12578,2016-08-19,19:46:44,yes,#N/A,19/8/16,8:13:05,,,,,
12579,2016-08-23,19:46:44,no,#N/A,no,no,,,,,
12580,2016-08-26,20:30:23,no,#N/A,no,no,,,,,
12481,2016-08-27,20:19:02,yes,#N/A,27/6/16,14:28:17,,,,,
12586,2016-09-02,20:31:29,no,#N/A,no,no,,,,,
12585,2016-09-04,20:32:26,yes,#N/A,4/9/16,9:58:05,,,,,
12584,2016-09-04,20:32:26,yes,#N/A,4/9/16,15:58:17,,,,,
12589,2016-09-09,20:28:52,yes,#N/A,9/9/16,22:28:17,,,,,
12591,2016-09-11,20:27:54,no,#N/A,no,no,,,,,
12592,2016-09-20,19:08:31,no,#N/A,no,no,,,,,
12597,2016-09-24,20:30:23,no,#N/A,no,no,,,,,
12598,2016-10-06,22:28:30,yes,#N/A,6/10/16,7:12:53,,,,,
12599,2016-10-08,23:29:12,yes,#N/A,8/10/16,16:13:41,,,,,
12600,2016-10-11,23:29:38,yes,#N/A,11/10/16,22:13:41,,,,,
12602,2016-10-15,23:29:43,yes,#N/A,15/10/16,13:57:53,,,,,
12603,2016-10-20,23:19:39,no,#N/A,no,no,,,,,
12605,2016-11-01,20:27:49,yes,#N/A,1/11/16,7:27:53,,,,,
12606,2016-11-07,20:21:53,no,#N/A,no,no,,,,,
12610,2016-11-13,20:29:32,no,#N/A,no,no,,,,,
12609,2016-11-13,20:29:32,no,#N/A,no,no,,,,,
12611,2016-11-20,20:20:27,no,#N/A,no,no,,,,,
12612,2016-11-28,20:28:53,no,#N/A,no,no,,,,,
12614,2016-11-30,20:28:15,yes,#N/A,1/12/16,2:58:05,,,,,
12615,2016-12-02,20:19:59,no,1,no,no,,,,,
12619,2016-12-19,19:34:30,yes,#N/A,19/12/16,12:58:05,,,,,
12627,2017-01-21,19:34:30,no,#N/A,no,no,,,,,
12628,2017-01-23,19:34:30,no,0,no,no,,,,,
12629,2017-01-28,19:34:30,yes,#N/A,28/1/17,14:28:04,,,,,
12632,2017-02-01,13:34:30,no,#N/A,no,no,,,,,
12630,2017-02-02,19:34:30,no,#N/A,no,no,,,,,
12636,2017-02-18,19:46:32,yes,#N/A,18/2/17,7:43:16,,,,,
12637,2017-02-23,19:46:32,no,#N/A,no,no,,,,,
12638,2017-02-24,19:46:32,no,#N/A,no,no,,,,,
12640,2017-02-27,19:46:33,yes,#N/A,27/2/17,12:58:16,,,,,
12643,2017-03-25,19:46:36,no,#N/A,no,no,,,,,
12644,2017-03-27,18:46:36,yes,7,27/3/17,12:57:52,,,,,
12645,2017-03-31,18:46:37,yes,0,1/4/17,0:48:07,,,,,
12647,2017-04-01,18:46:37,yes,#N/A,1/4/17,12:12:08,,,,,
12648,2017-04-06,18:46:38,yes,#N/A,6/4/17,22:28:40,,,,,
12650,2017-04-13,18:46:39,no,#N/A,no,no,,,,,
12653,2017-04-26,12:46:41,yes,#N/A,26/4/17,16:28:04,,,,,
12654,2017-05-01,18:46:41,no,#N/A,no,no,,,,,
12655,2017-05-06,22:34:42,no,#N/A,no,no,,,,,
12657,2017-05-17,14:34:43,no,#N/A,no,no,,,,,
12656,2017-05-20,22:34:44,no,#N/A,no,no,,,,,
12658,2017-05-20,22:34:44,yes,#N/A,21/5/17,2:28:04,,,,,
12659,2017-05-23,22:34:44,no,#N/A,no,no,,,,,
12661,2017-06-05,22:34:45,yes,0,6/6/17,17:28:28,,,,,
12663,2017-06-16,22:46:45,yes,#N/A,16/6/17,13:58:28,,,,,
12662,2017-06-16,22:46:45,yes,#N/A,16/6/17,20:28:16,,,,,
12664,2017-06-25,22:46:46,yes,0,25/6/17,12:43:28,,,,,
12665,2017-07-10,22:46:46,yes,2,10/7/17,15:58:16,,,,,
12666,2017-07-13,18:46:46,yes,#N/A,13/7/17,9:12:52,,,,,
12670,2017-08-06,22:46:45,yes,#N/A,6/8/17,9:48:07,,,,,
12671,2017-08-19,22:46:43,yes,2,19/8/17,9:12:52,,,,,
12672,2017-08-25,19:28:42,yes,#N/A,25/8/17,14:48:07,,,,,
12673,2017-09-02,19:28:04,yes,31,2/9/17,8:28:07,,,,,
12674,2017-09-03,19:27:41,yes,0,3/9/17,10:00:08,,,,,
12680,2017-09-15,19:29:01,yes,3,16/9/17,0:00:07,,,,,
12681,2017-09-25,23:28:05,yes,#N/A,25/9/17,12:24:07,,,,,
12682,2017-09-29,23:28:20,yes,#N/A,no,no,,,,,
12683,2017-09-30,23:28:49,no,1,no,no,,,,,
12685,2017-10-26,14:34:34,yes,0,26/10/17,16:12:07,,,,,
12686,2017-10-28,22:46:34,no,#N/A,no,no,,,,,
12687,2017-11-19,19:46:32,no,#N/A,no,no,,,,,
12691,2017-12-12,19:46:30,yes,#N/A,12/12/17,16:48:07,,,,,
12692,2017-12-23,19:46:29,yes,#N/A,24/12/17,5:00:07,,,,,
12696,2018-01-17,15:46:29,yes,#N/A,17/1/18,10:24:07,,,,,
12697,2018-02-02,19:46:30,yes,#N/A,2/2/18,11:28:16,,,,,
12698,2018-02-07,15:46:31,no,#N/A,no,no,,,,,
12699,2018-02-09,19:46:31,no,0,no,no,,,,,
12703,2018-04-03,22:34:37,yes,0,3/4/18,12:43:08,,,,,
12704,2018-04-15,22:46:39,no,#N/A,no,no,,,,,
12706,2018-04-23,22:34:40,yes,#N/A,23/4/18,9:24:07,,,,,
12707,2018-04-23,22:34:40,no,#N/A,no,no,,,,,
12708,2018-05-11,22:10:42,yes,#N/A,11/5/18,15:58:04,,,,,
12709,2018-05-12,22:10:42,no,#N/A,no,no,,,,,
12710,2018-05-25,22:10:44,no,#N/A,no,no,,,,,
12712,2018-05-29,22:10:44,yes,0,29/5/18,14:00:07,,,,,
12713,2018-06-17,22:10:45,yes,#N/A,17/6/18,11:24:07,,,,,
12715,2018-06-21,22:22:46,no,#N/A,no,no,,,,,
12717,2018-08-03,22:22:45,no,#N/A,no,no,,,,,
12718,2018-08-17,22:10:44,yes,#N/A,17/8/18,16:49:00,,,,,
12719,2018-08-21,22:22:43,yes,#N/A,21/8/18,11:12:08,,,,,
12722,2018-09-13,18:22:40,no,#N/A,no,no,,,,,
12723,2018-09-30,22:22:38,yes,#N/A,30/9/18,15:48:07,,,,,
12725,2018-10-17,15:10:36,yes,#N/A,17/10/18,16:24:07,,,,,
12724,2018-10-17,15:10:36,no,#N/A,no,no,,,,,
12728,2018-11-25,19:46:31,yes,#N/A,25/11/18,10:24:07,,,,,
12730,2018-12-12,19:34:30,yes,#N/A,12/12/18,7:24:08,,,,,
12731,2018-12-17,19:34:29,no,#N/A,no,no,,,,,
12733,2019-01-24,17:10:30,yes,1,25/1/19,2:00:07,,,,,
12734,2019-03-07,19:46:34,yes,0,8/3/19,4:38:52,,,,,
12735,2019-03-19,19:46:35,yes,#N/A,19/3/19,13:48:07,,,,,
12737,2019-04-03,16:10:37,yes,#N/A,3/4/19,12:36:07,,,,,
12738,2019-04-12,21:10:39,no,#N/A,no,no,,,,,
12740,2019-05-09,21:10:42,yes,0,9/5/19,11:24:07,,,,,
12741,2019-05-11,21:10:44,no,,,,,,,,
12744,2019-07-09,23:21:06,no,,,,,,,,
12745,2019-08-06,23:21:02,yes,,6/8/19,2:48:28,,,,,
12746,2019-08-07,23:21:50,yes,,8/8/19,10:24:07,,,,,
12747,2019-08-08,23:21:50,yes,,8/8/19,6:24:07,,,,,
12748,2019-09-02,21:58:42,no,,,,,,,,
12749,2019-10-05,21:58:37,yes,,5/10/19,8:48:40,14:33:40 on 5/10/19,,,,
12752,2019-11-17,21:58:32,no,,,,,,,,
12754,2019-12-25,13:34:29,no,,,,,,,,
12753,2019-12-27,19:34:29,no,,,,,,,,
12755,2020-01-06,13:46:29,no,,,,,,,,
12757,2020-01-26,19:34:30,no,,,,,,,,
12758,2020-03-10,19:46:34,no,,,,,,,,
12759,2020-04-04,18:46:38,no,,,,,,,,
12760,2020-04-28,18:34:41,yes,,29/04/20,22:30:29,,,,,
12763,2020-05-01,18:34:41,no,,,,,,,,
12764,2020-06-04,10:10:45,yes,,4/6/20,4:18:16,,,,,
12765,2020-06-09,18:10:45,yes,,7/6/20,20:48:40,,,,,
12766,2020-07-06,18:57:02,yes,,7/6/20,5:03:04,,,,,
12767,2020-07-27,17:58:45,no,,,,,,,,
12768,2020-08-03,17:58:45,no,,,,,,,,
12769,2020-08-06,17:58:44,no,,,,,,,,
12770,2020-08-08,17:58:44,yes,,8/8/20,19:18:40,,,,,
12771,2020-08-15,17:58:44,no,,,,,,,,
12773,2020-09-27,21:58:38,no,,,,,,,,
12775,2020-10-12,21:58:36,yes,,12/10/20,5:48:16,,,,,
12776,2020-10-19,9:58:36,no,,,,,,,,
12778,2020-10-27,18:58:34,yes,,27/10/20,6:12:07,,,,,
12780,2020-11-05,18:58:33,yes,,6/11/20,17:12:07,,,,,
12781,2020-11-08,18:58:33,no,,,,,,,,
12782,2020-11-16,18:58:32,no,,,,,,,,
12783,2020-11-11,18:58:31,yes,,22/11/20,4:36:08,,,,,
12784,2020-11-22,18:58:31,yes,,22/11/20,6:48:07,,,,,
12787,2020-12-01,18:58:30,yes,,1/12/20,7:24:03,,,,,
12789,2020-12-01,18:58:30,no,,,,,,,,
12790,2020-12-06,18:58:30,yes,,6/12/20,23:48:08,,,,,
12791,2020-12-08,18:58:30,yes,,9/12/20,1:25:48,,,,,
12792,2020-12-17,18:58:29,yes,,17/12/20,12:12:07,,,,,
12793,2020-12-18,18:58:29,yes,,18/12/20,19:12:13,,,,,
12794,2020-12-26,18:58:29,no,,,,,,,,
12795,2020-12-27,18:58:29,no,,,,,,,,
12796,2021-01-16,18:58:29,yes,,17/1/20,0:48:07,,,,,
12803,2021-02-23,18:58:32,no,,,,,,,,
12804,2021-02-23,18:58:32,no,,,,,,,,
12805,2021-02-23,18:58:32,yes,,23/2/21,2:00:07,,,,,
12806,2021-03-03,18:58:32,yes,,3/3/21,21:48:07,,,,,
12807,2021-03-04,18:58:33,yes,,5/3/21,18:48:07,,,,,
12809,2021-03-12,18:58:34,no,,,,,,,,
12808,2021-03-14,18:58:35,no,,,,,,,,
12810,2021-03-21,18:58:36,yes,,22/03/21,0:48:16,,,,,
12811,2021-03-25,18:58:36,no,,,,,,,,
12812,2021-03-26,18:58:36,yes,,26/03/21,6:36:07,,,,,
12814,2021-04-13,21:58:39,yes,,13/04/21,4:48:08,,,,,
12816,2021-04-20,21:58:40,no,,,,,,,,
12818,2021-04-24,21:58:40,yes,,25/04/21,12:48:28,,,,,
12822,2021-05-11,21:58:43,yes,,11/5/21,6:36:07,,,,,
12823,2021-05-11,21:58:43,no,,,,,,,,
12824,2021-05-22,21:58:44,yes,,27/05/21,1:18:28,,,,,
12825,2021-05-27,21:58:44,no,,,,,,,,
12828,2021-06-01,21:58:45,yes,,1/6/21,16:48:09,,,,,
12827,2021-06-01,21:58:45,yes,,1/6/21,21:12:12,,,,,
12829,2021-06-05,21:58:45,yes,,5/6/21,21:48:07,,,,,
12832,2021-06-10,21:58:45,yes,,10/6/21,19:00:07,,,,,
12833,2021-06-17,21:58:45,yes,,17/06/21,8:36:08,,,,,
12873,2021-07-02,21:58:46,no,,,,,,,,
12839,2021-07-07,21:58:46,no,,,,,,,,
12841,2021-07-13,21:58:46,no,,,,,,,,
12842,2021-07-15,21:58:46,no,,,,,,,,
12844,2021-07-20,21:58:45,no,,,,,,,,
12848,2021-07-22,21:58:45,no,,,,,,,,
12846,2021-07-25,21:58:45,no,,,,,,,,
12851,2021-08-06,21:58:45,no,,,,,,,,
12852,2021-08-06,21:58:45,no,,,,,,,,
12853,2021-08-12,21:58:44,yes,,12/8/21,9:48:07,,,,,
12855,2021-08-15,21:58:44,yes,,15/8/12,8:00:07,,,,,
12858,2021-08-19,21:58:43,no,,,,,,,,
12859,2021-08-26,21:58:43,yes,,26/08/12,0:48:07,,,,,
12860,2021-08-27,21:58:43,yes,,26/08/12,21:03:16,,,,,
12861,2021-08-29,21:58:43,no,,,,,,,,
12863,2021-09-03,21:58:42,no,,,,,,,,
12864,2021-09-05,21:58:42,no,,,,,,,,
12865,2021-09-05,21:58:42,yes,,5/9/21,18:00:07,,,,,
12866,2021-09-08,21:58:42,yes,,8/9/21,10:12:07,,,,,
12868,2021-09-08,21:58:42,yes,,9/8/21,4:48:07,,,,,
12870,2021-09-12,21:58:40,yes,,13/09/21,15:12:05,,,,,
12873,2021-09-21,21:58:39,yes,,19/09/21,0:48:07,,,,,
12871,2021-09-21,21:58:39,yes,,19/09/21,2:48:08,,,,,
12872,2021-09-21,21:58:39,yes,,19/09/21,2:48:07,,,,,
12878,2021-09-27,21:58:39,yes,,27/09/21,20:00:07,,,,,
12877,2021-09-27,21:58:39,no,,,,,,,,
12880,2021-10-02,21:58:39,no,,,,,,,,
12882,2021-10-09,21:58:37,yes,,9/10/21,7:00:08,,,,,
12886,2021-10-09,21:58:35,yes,,9/10/21,10:12:07,,,,,
12887,2021-10-26,21:58:34,yes,,26/10/21,21:12:11,,,,,
12891,2021-11-01,18:58:34,no,,,,,,,,
12893,2021-11-05,18:58:33,no,,,,,,,,
12985,2021-11-11,18:58:33,no,,,,,,,,
12894,2021-11-11,18:58:33,yes,,11/11/21,9:36:07,,,,,
12896,2021-11-19,18:58:33,no,,,,,,,,
12897,2021-11-19,18:58:33,no,,,,,,,,
12898,2021-11-26,18:58:33,yes,,26/11/21,626:07:00,,,,,
12901,2021-12-02,18:58:33,no,,,,,,,,
12903,2021-12-02,18:58:33,no,,,,,,,,
12904,2021-12-07,18:58:33,no,,,,,,,,
12905,2021-12-15,18:58:33,no,,,,,,,,
12906,2021-12-15,18:58:33,no,,,,,,,,
12907,2021-12-18,18:58:33,no,,,,,,,,
12911,2021-12-20,18:58:33,no,,,,,,,,
12915,2021-12-24,18:58:29,no,,,,,,,,
12918,2021-12-24,18:58:29,yes,,25/12/2021,1:48:07,,,,,
12917,2021-12-24,18:58:29,no,,,,,,,,
12912,2021-12-14,18:58:29,no,,,,,,,,
12916,2021-12-28,18:58:29,no,,,,,,,,
12919,2021-12-31,18:58:29,no,,,,,,,,
12922,2022-01-02,18:58:29,no,,,,,,,,
12924,2022-01-08,18:58:29,no,,,,,,,,
12926,2022-01-10,18:58:29,no,,,,,,,,
12925,2022-01-10,18:58:29,no,,,,,,,,
12928,2022-01-13,18:58:29,no,,,,,,,,
12927,2022-01-13,18:58:29,yes,,13/01/2022,8:12:08,,,,,
12930,2022-01-14,18:58:29,yes,,14/01/2022,2:43:09,,,,,
12929,2022-01-14,18:58:29,no,,,,,,,,
12933,2022-01-17,18:58:29,no,,,,,,,,
12932,2022-01-20,18:58:29,no,,,,,,,,
12935,2022-01-25,18:58:29,yes,,25/01/2022,3:12:07,,,,,
12934,2022-01-25,18:58:29,yes,,25/01/2022,15:12:12,,,,,
12936,2022-01-29,18:58:29,yes,,29/01/2022,23:36:08,,,,,
12938,2022-01-31,18:58:29,no,,,,,,,,
12940,2022-02-04,18:58:29,yes,,4/2/22,0:33:28,,,,,
12939,2022-02-02,18:58:29,no,,,,,,,,
12941,2022-02-09,17:58:31,yes,,10/2/22,11:48:28,,,,,
12943,2022-02-11,18:58:31,no,,,,,,,,
12946,2022-02-16,18:58:31,no,,,,,,,,
12951,2022-02-18,18:58:31,no,,,,,,,,
12948,2022-02-18,18:58:31,no,,,,,,,,
12950,2022-02-20,18:58:31,no,,,,,,,,
12952,2022-02-22,18:58:31,no,,,,,,,,
12953,2022-02-22,18:58:31,no,,,,,,,,
12957,2022-03-03,18:58:33,no,,,,,,,,
12958,2022-03-03,18:58:33,no,,,,,,,,
12962,2022-03-08,18:58:34,no,,,,,,,,
12960,2022-03-08,18:58:34,yes,,8/3/22,20:12:09,,,,,
12965,2022-03-14,18:58:35,no,,,,,,,,
12967,2022-03-16,18:58:35,yes,,16/03/222,13:17:52,,,,,
12971,2022-03-20,18:58:35,no,,,,,,,,
12972,2022-03-20,18:58:35,yes,,21/03/22,6:02:52,,,,,
12973,2022-03-24,18:58:36,no,,,,,,,,
12974,2022-03-27,18:58:36,no,,,,,,,,
12979,2022-03-29,21:58:37,yes,,30/03/22,6:17:52,,,,,
12983,2022-04-05,21:58:38,yes,,5/4/22,13:02:52,,,,,
12982,2022-04-05,21:58:38,no,,,,,,,,
12985,2022-04-08,21:58:38,no,,,,,,,,
12987,2022-04-11,21:58:39,no,,,,,,,,
12988,2022-04-15,21:58:39,yes,,16/04/22,10:00:07,,,,,
12991,2022-04-19,21:58:40,no,,,,,,,,
12998,2022-04-24,21:58:40,yes,,25/04/22,7:17:52,,,,,
12997,2022-04-27,21:58:41,no,,,,,,,,
12999,2022-04-29,14:58:41,yes,,30/04/22,12:48:07,,,,,
13002,2022-04-30,21:58:41,yes,,1/5/22,9:48:08,,,,,
13005,2022-05-03,21:58:42,yes,,4/5/22,2:00:08,,,,,
13006,2022-05-09,21:58:42,yes,,10/5/22,14:00:07,,,,,
13007,2022-05-13,21:58:43,yes,,13/05/22,23:36:07,,,,,
13008,2022-05-13,21:58:43,yes,,14/05/22,2:48:07,,,,,
13013,2022-05-16,21:58:43,yes,,17/05/22,7:12:07,,,,,
13010,2022-05-16,21:58:43,yes,,17/05/22,7:00:07,,,,,
13019,2022-05-25,21:58:44,no,,,,,,,,
13020,2022-05-26,21:58:44,no,,,,,,,,
13021,2022-05-26,21:58:44,no,,,,,,,,
13019,2022-05-26,21:58:44,no,,,,,,,,
13022,2022-05-28,21:58:44,no,,,,,,,,
13023,2022-05-29,21:58:44,yes,,30/05/22,6:12:08,,,,,
13204,2022-05-30,21:58:44,yes,,31/05/22,10:00:07,,,,,
13027,2022-06-02,21:58:45,no,,,,,,,,
13208,2022-06-08,21:58:45,yes,,8/6/22,18:00:08,,,,,
13029,2022-06-08,21:58:45,yes,,9/6/22,9:12:13,,,,,
13031,2022-06-14,21:58:45,yes,,14//06/22,23:12:14,,,,,
13035,2022-06-18,21:58:45,no,,,,,,,,
13034,2022-06-18,21:58:45,no,,,,,,,,
13038,2022-06-19,21:58:45,no,,,,,,,,
13040,2022-06-27,21:58:46,yes,,28/06/22,12:32:40,,,,,
13045,2022-07-02,21:58:46,yes,,2/7/22,19:32:52,,,,,
13048,2022-07-05,21:58:46,no,,,,,,,,
12049,2022-07-06,21:58:46,yes,,6/7/22,23:02:40,,,,,
13052,2022-07-09,21:58:46,yes,,9/7/22,23:02:54,,,,,
13053,2022-07-11,21:58:46,yes,,12/7/22,0:00:08,,,,,
13055,2022-07-11,21:58:46,yes,,12/7/22,3:03:34,,,,,
13057,2022-07-16,21:58:46,yes,,17/07/22,9:33:34,,,,,
13056,2022-07-16,21:58:46,yes,,16/7/22,18:32:52,,,,,
13059,2022-07-22,17:58:45,no,,,,,,,,
13064,2022-07-22,21:58:45,yes,,22/07/22,18:02:52,,,,,
13065,2022-07-22,21:58:45,no,,,,,,,,
13062,2022-07-25,21:58:45,yes,,25/07/22,20:33:04,,,,,
13066,2022-07-26,21:58:45,no,,,,,,,,
13067,2022-07-31,21:58:45,yes,,31/07/22,21:02:52,,,,,
13068,2022-08-01,18:58:45,yes,,2/8/22,9:47:52,,,,,
13070,2022-08-05,21:58:45,yes,,6/8/22,8:47:40,,,,,
13071,2022-08-07,21:58:44,no,,,,,,,,
13074,2022-08-10,21:58:44,no,,,,,,,,
13075,2022-08-11,21:58:44,yes,,12/8/22,13:12:40,,,,,
13078,2022-08-15,21:58:44,yes,,15/08/22,17:48:08,,,,,
13081,2022-08-16,21:58:44,yes,,17/08/22,4:32:40,,,,,
13082,2022-08-19,21:58:43,no,,,,,,,,
13084,2022-08-19,21:58:43,yes,,20/08/22,1:32:52,,,,,
13085,2022-08-22,21:58:43,yes,,22/08/22,22:17:15,,,,,
13086,2022-08-26,21:58:43,no,,,,,,,,
13087,2022-08-28,21:58:42,no,,,,,,,,
13090,2022-08-29,21:58:42,no,,,,,,,,
13093,2022-09-05,21:58:42,no,,,,,,,,
13092,2022-09-06,21:58:41,yes,,7/9/22,15:02:40,,,,,
13094,2022-09-08,21:58:41,yes,,9/9/22,9:32:52,,,,,
13100,2022-09-15,21:58:40,yes,,16/09/22,5:17:52,,,,,
13103,2022-09-16,21:58:40,no,,,,,,,,
13102,2022-09-18,21:58:40,yes,,19/09/222,1:47:52,,,,,
13108,2022-09-23,21:58:39,yes,,24/09/22,6:47:52,,,,,
13107,2022-09-26,21:58:39,yes,,27/09/22,5:02:42,,,,,
13110,2022-09-28,21:58:38,no,,,,,,,,
13111,2022-10-03,21:58:38,no,,,,,,,,
13114,2022-10-03,21:58:38,yes,,4/10/22,14:32:40,,,,,
13118,2022-10-10,21:58:37,yes,,11/10/22,16:12:07,,,,,
13119,2022-10-10,21:58:37,yes,,10/10/22,17:32:52,,,,,
13121,2022-10-17,21:58:36,no,,,,,,,,
13125,2022-10-18,21:58:36,yes,,19/10/22,11:48:07,,,,,
13126,2022-10-20,21:58:35,yes,,21/10/22,4:27:28,,,,,
13130,2022-10-24,21:58:35,no,,,,,,,,
13136,2022-11-05,18:58:33,no,,,,,,,,
13143,2022-11-11,18:58:32,no,,,,,,,,
13146,2022-11-15,18:58:32,yes,,16/11/22,16:47:52,,,,,
13149,2022-11-21,18:58:31,no,,,,,,,,
13147,2022-11-21,18:58:31,yes,,22/11/22,4:47:52,,,,,
13148,2022-11-21,18:58:31,yes,,22/11/22,8:47:52,,,,,
13152,2022-11-27,18:58:31,yes,,27/11/22,18:48:04,,,,,
13155,2022-12-02,18:58:30,yes,,3/12/22,0:02:52,,,,,
13154,2022-12-02,18:58:30,yes,,3/12/22,0:02:52,,,,,
13158,2022-12-05,18:58:30,no,,,,,,,,
13153,2022-12-06,18:58:30,yes,,6/12/22,22:03:04,,,,,
13166,2022-12-14,17:58:30,yes,,15/12/22,13:47:40,,,,,
13163,2022-12-14,17:58:30,yes,,14/12/22,23:32:52,,,,,
13168,2022-12-19,18:58:29,no,,,,,,,,
13170,2022-12-23,18:58:29,yes,,24/12/22,2:32:50,,,,,
13172,2022-12-26,18:58:29,no,,,,,,,,
13173,2022-12-28,17:58:29,no,,,,,,,,
13175,2022-12-29,18:58:29,yes,,29/12/22,21:48:07,,,,,
13176,2022-12-30,18:58:29,yes,,31/12/22,8:12:07,,,,,
13177,2023-01-02,12:58:29,yes,,3/1/23,6:47:52,,,,,
TOTAL ARs= 950,TOTAL = 11 YEARS ,,,,,,,,,,
,,,,,,,,,,,
,,,,,,,,,,,
,,,,,,,,,,,
,,,,,,,,,,,
,,,,,,,,,,,
,,,,,,,,,,,
,,,,,,,,,,,
,,,,,,,,,,,
,,,,,,,,,,,
,,,,,,,,,,,
,,,,,,,,,,,
,,,,,,,,,,,
,,,,,,,,,,,
,,,,,,,,,,,
,,,,,,,,,,,
,,,,,,,,,,,
,,,,,,,,,,,
,,,,,,,,,,,
,,,,,,,,,,,
,,,,,,,,,,,
,,,,,,,,,,,
,,,,,,,,,,,
,,,,,,,,,,,
,,,,,,,,,,,
,,,,,,,,,,,
,,,,,,,,,,,
,,,,,,,,,,,
,,,,,,,,,,,
,,,,,,,,,,,
,,,,,,,,,,,
,,,,,,,,,,,
,,,,,,,,,,,
,,,,,,,,,,,
,,,,,,,,,,,
,,,,,,,,,,,
,,,,,,,,,,,
,,,,,,,,,,,
,,,,,,,,,,,
,,,,,,,,,,,
,,,,,,,,,,,
,,,,,,,,,,,
,,,,,,,,,,,
,,,,,,,,,,,
,,,,,,,,,,,
,,,,,,,,,,,
,,,,,,,,,,,
,,,,,,,,,,,
,,,,,,,,,,,
,,,,,,,,,,,
,,,,,,,,,,,
,,,,,,,,,,,
,,,,,,,,,,,
,,,,,,,,,,,
,,,,,,,,,,,
,,,,,,,,,,,
,,,,,,,,,,,
,,,,,,,,,,,
,,,,,,,,,,,
,,,,,,,,,,,
,,,,,,,,,,,
,,,,,,,,,,,
,,,,,,,,,,,
,,,,,,,,,,,
,,,,,,,,,,,
,,,,,,,,,,,
,,,,,,,,,,,
,,,,,,,,,,,
,,,,,,,,,,,
,,,,,,,,,,,
,,,,,,,,,,,
,,,,,,,,,,,
,,,,,,,,,,,
,,,,,,,,,,,
,,,,,,,,,,,
,,,,,,,,,,,
,,,,,,,,,,,
,,,,,,,,,,,
,,,,,,,,,,,
,,,,,,,,,,,
,,,,,,,,,,,
,,,,,,,,,,,
,,,,,,,,,,,
,,,,,,,,,,,
,,,,,,,,,,,
,,,,,,,,,,,
,,,,,,,,,,,
,,,,,,,,,,,
,,,,,,,,,,,
,,,,,,,,,,,
,,,,,,,,,,,
,,,,,,,,,,,
,,,,,,,,,,,
,,,,,,,,,,,
,,,,,,,,,,,
,,,,,,,,,,,
,,,,,,,,,,,
,,,,,,,,,,,
,,,,,,,,,,,
,,,,,,,,,,,
,,,,,,,,,,,
,,,,,,,,,,,
,,,,,,,,,,,
,,,,,,,,,,,
,,,,,,,,,,,
,,,,,,,,,,,
,,,,,,,,,,,
,,,,,,,,,,,
,,,,,,,,,,,
,,,,,,,,,,,
,,,,,,,,,,,
,,,,,,,,,,,
,,,,,,,,,,,
,,,,,,,,,,,
,,,,,,,,,,,